Date,Description,Category,Type,Income,Expense,Balance
2026-01-01,Monthly Salary,Income,Income,45000.0,0.0,45000.0
2026-01-03,Grocery Mart,Groceries,Expense,0.0,3200.0,41800.0
2026-01-05,Zomato Order,Food,Expense,0.0,980.0,40820.0
2026-01-08,Airtel Bill,Mobile & Internet,Expense,0.0,750.0,40070.0
2026-01-10,Office Rent,Utilities,Expense,0.0,18000.0,22070.0
2026-01-12,Indian Railways Booking,Travel,Expense,0.0,2100.0,19970.0
2026-01-15,Fuel Refill,Fuel,Expense,0.0,1600.0,18370.0
2026-01-18,Pharmacy Purchase,Healthcare,Expense,0.0,1200.0,17170.0
2026-01-20,Shopping Mall,Shopping,Expense,0.0,4100.0,13070.0
2026-01-22,Cash Withdrawal,Cash Withdrawal,Expense,0.0,3000.0,10070.0
2026-01-25,Freelance Project Payment,Income,Income,12000.0,0.0,22070.0
2026-01-27,Electricity Bill,Utilities,Expense,0.0,1650.0,20420.0
2026-01-30,Netflix Subscription,Entertainment,Expense,0.0,499.0,19921.0
2026-02-01,Monthly Salary,Income,Income,45000.0,0.0,64921.0
2026-02-03,Supermarket Purchase,Groceries,Expense,0.0,3890.0,61031.0
2026-02-05,Swiggy Food,Food,Expense,0.0,1180.0,59851.0
2026-02-07,Uber Ride,Transport,Expense,0.0,540.0,59311.0
2026-02-10,Jio Recharge,Mobile & Internet,Expense,0.0,599.0,58712.0
2026-02-12,Travel Booking,Travel,Expense,0.0,4200.0,54512.0
2026-02-15,Petrol Fill,Fuel,Expense,0.0,1950.0,52562.0
2026-02-18,Hospital Consultation,Healthcare,Expense,0.0,2400.0,50162.0
2026-02-20,Online Shopping,Shopping,Expense,0.0,5200.0,44962.0
2026-02-22,ATM Withdrawal,Cash Withdrawal,Expense,0.0,2500.0,42462.0
2026-02-26,Bonus Payment,Income,Income,18000.0,0.0,60462.0
2026-03-01,Monthly Salary,Income,Income,45000.0,0.0,105462.0
2026-03-04,Grocery Essentials,Groceries,Expense,0.0,3600.0,101862.0
2026-03-06,Restaurant Dinner,Food,Expense,0.0,1420.0,100442.0
2026-03-09,Metro Card Top-Up,Transport,Expense,0.0,650.0,99792.0
2026-03-12,Airtel Recharge,Mobile & Internet,Expense,0.0,750.0,99042.0
2026-03-14,Flight Booking,Travel,Expense,0.0,6800.0,92242.0
2026-03-17,Petrol Pump,Fuel,Expense,0.0,1850.0,90392.0
2026-03-20,Medical Checkup,Healthcare,Expense,0.0,3600.0,86792.0
2026-03-22,Fashion Purchase,Shopping,Expense,0.0,6100.0,80692.0
2026-03-25,Movie Tickets,Entertainment,Expense,0.0,1150.0,79542.0
2026-03-27,Side Gig Income,Income,Income,15000.0,0.0,94542.0
2026-03-30,Water & Electricity,Utilities,Expense,0.0,2200.0,92342.0
